-- phpMyAdmin SQL Dump
-- version 4.6.6deb4
-- https://www.phpmyadmin.net/
--
-- Хост: localhost:3306
-- Время создания: Янв 31 2021 г., 20:38
-- Версия сервера: 10.1.41-MariaDB-0+deb9u1
-- Версия PHP: 7.0.33-0+deb9u6

SET SQL_MODE = "NO_AUTO_VALUE_ON_ZERO";
SET time_zone = "+00:00";


/*!40101 SET @OLD_CHARACTER_SET_CLIENT=@@CHARACTER_SET_CLIENT */;
/*!40101 SET @OLD_CHARACTER_SET_RESULTS=@@CHARACTER_SET_RESULTS */;
/*!40101 SET @OLD_COLLATION_CONNECTION=@@COLLATION_CONNECTION */;
/*!40101 SET NAMES utf8mb4 */;

--
-- База данных: `schedule`
--

-- --------------------------------------------------------

--
-- Структура таблицы `classes`
--

CREATE TABLE `classes` (
  `id` int(11) NOT NULL,
  `class_name` varchar(150) NOT NULL
) ENGINE=InnoDB DEFAULT CHARSET=utf8;

--
-- Дамп данных таблицы `classes`
--

INSERT INTO `classes` (`id`, `class_name`) VALUES
(12, '1С'),
(111, 'Web-прогр.'),
(88, 'Администр. право'),
(43, 'Аналит. хим.'),
(56, 'Анатомия'),
(90, 'Арб. предпр.'),
(162, 'Арбитр'),
(127, 'Архитектура'),
(64, 'Астрономия'),
(104, 'Аудит'),
(102, 'АФХД'),
(13, 'БЖ'),
(54, 'Биология'),
(133, 'Ботаника'),
(10, 'Бухучёт'),
(125, 'Возр. анат'),
(150, 'Генетика'),
(35, 'География'),
(85, 'Гигиена'),
(99, 'Гос. и мун. сл.'),
(18, 'Гр. право'),
(58, 'Дет.литература'),
(92, 'Детс. литерат.'),
(138, 'ДОУ'),
(40, 'Естествознание'),
(167, 'ИЗО'),
(4, 'Ин. яз.'),
(114, 'Ин. Яз. / Физ-ра'),
(172, 'Ин.без'),
(110, 'Инф. без.'),
(65, 'Информатика'),
(170, 'Иск. МХК'),
(21, 'История'),
(76, 'История изо'),
(131, 'ИТ'),
(15, 'Конст пр'),
(115, 'Кор. пед.'),
(152, 'Кримин'),
(98, 'Криминалист'),
(87, 'Криминология'),
(5, 'Культура речи'),
(84, 'Латинский'),
(36, 'Литература'),
(45, 'Маркетинг'),
(22, 'Мат. логика'),
(39, 'Математика'),
(145, 'Материаловедение'),
(23, 'МДК 01.01'),
(29, 'МДК 01.02'),
(57, 'МДК 01.03'),
(50, 'МДК 01.04'),
(47, 'МДК 01.05'),
(101, 'МДК 01.06'),
(112, 'МДК 01.07'),
(49, 'МДК 01.08'),
(44, 'МДК 02.01'),
(59, 'МДК 02.02'),
(93, 'МДК 02.03'),
(95, 'МДК 02.04'),
(94, 'МДК 02.05'),
(96, 'МДК 02.06'),
(1, 'МДК 03.01'),
(2, 'МДК 03.02'),
(3, 'МДК 03.03'),
(97, 'МДК 03.04'),
(72, 'МДК 04.01'),
(69, 'МДК 04.02'),
(169, 'МДК 04.03'),
(66, 'МДК 05.01'),
(128, 'МДК 08.01'),
(130, 'МДК 08.02'),
(20, 'Менеджмент'),
(81, 'Микробиология'),
(67, 'Налоги'),
(149, 'ОБГ'),
(34, 'ОБЖ'),
(136, 'Обучение'),
(132, 'Общ и н.хим'),
(37, 'Общество'),
(74, 'ОП'),
(82, 'Орг. химия'),
(75, 'ОС'),
(126, 'Осн. АиП'),
(147, 'Осн. анат.'),
(168, 'Осн. дек к'),
(165, 'Осн. Патолог.'),
(6, 'Осн. права'),
(107, 'Осн. рел'),
(108, 'Осн. спец пед'),
(9, 'Осн. философии'),
(113, 'Осн. эконом.'),
(139, 'Основы пердагогики'),
(137, 'Основы преподавания'),
(140, 'Основы философии'),
(55, 'ОУИД'),
(83, 'Паталогия'),
(46, 'Педагогика'),
(78, 'Пласт. анат'),
(103, 'ПОПД'),
(153, 'Прав и суд орг'),
(63, 'Право'),
(173, 'Практика'),
(163, 'Предпр. право'),
(106, 'Психол об'),
(123, 'Психолог'),
(8, 'Психология'),
(77, 'Рис. и Жив.'),
(124, 'Родн. яз.'),
(151, 'Рус. род'),
(68, 'Рус.яз и к.р.'),
(33, 'Русский'),
(146, 'Санитария'),
(144, 'Серв. деят.'),
(171, 'Спец. пед'),
(122, 'Спортзал 1/2'),
(148, 'Статистика'),
(19, 'ТГиП'),
(31, 'Теор. алгоритмов'),
(32, 'Теор. вероятности'),
(91, 'ТО ДО'),
(17, 'Тр. право'),
(142, 'Труд. право'),
(71, 'ТСИ'),
(89, 'Уг. право'),
(100, 'Уг. проц.'),
(48, 'УП'),
(105, 'УП 02.01'),
(116, 'УП 03.01'),
(109, 'УП 04'),
(117, 'УП 04.01'),
(7, 'Физ-ра'),
(164, 'Физ-ра Естествознание'),
(53, 'Физика'),
(157, 'Философия'),
(80, 'Финансы'),
(52, 'Химия'),
(51, 'Экзамен'),
(134, 'Эколог осн'),
(141, 'Эколог. право'),
(38, 'Экология'),
(14, 'Экология пр'),
(79, 'Эконом. орг.'),
(11, 'Экономика'),
(73, 'Эл. в мат.'),
(70, 'Эл. мат. логики');

-- --------------------------------------------------------

--
-- Структура таблицы `classrooms`
--

CREATE TABLE `classrooms` (
  `id` int(11) NOT NULL,
  `classroom` varchar(11) NOT NULL
) ENGINE=InnoDB DEFAULT CHARSET=utf8;

--
-- Дамп данных таблицы `classrooms`
--

INSERT INTO `classrooms` (`id`, `classroom`) VALUES
(69, '---'),
(66, '1'),
(2, '101'),
(3, '102'),
(49, '102л'),
(4, '103'),
(28, '104'),
(34, '104a'),
(30, '105'),
(41, '106'),
(61, '107'),
(59, '108'),
(5, '11'),
(51, '111'),
(38, '12'),
(48, '14'),
(50, '15'),
(68, '2'),
(7, '201'),
(27, '202'),
(8, '203'),
(9, '204'),
(33, '205'),
(31, '206'),
(46, '207'),
(57, '3'),
(11, '301'),
(60, '302'),
(10, '303'),
(32, '304'),
(44, '305'),
(47, '306'),
(12, '307'),
(45, '308'),
(13, '309'),
(62, '4'),
(65, '5'),
(64, '6'),
(63, '7'),
(58, 'Акт. зал'),
(36, 'Библиотека'),
(1, 'Спортзал'),
(56, 'Спортзал2');

-- --------------------------------------------------------

--
-- Структура таблицы `groups`
--

CREATE TABLE `groups` (
  `id` int(11) NOT NULL,
  `group_name` varchar(45) NOT NULL,
  `shift` int(11) NOT NULL
) ENGINE=InnoDB DEFAULT CHARSET=utf8;

--
-- Дамп данных таблицы `groups`
--

INSERT INTO `groups` (`id`, `group_name`, `shift`) VALUES
(4, 'П-4', 0),
(6, 'Н-1а', 1),
(7, 'Ф-3в', 2),
(8, 'Н-3', 1),
(9, 'Ф-1б', 2),
(21, 'Т-1а', 1),
(22, 'Э-1', 1),
(25, 'Т-1б', 1),
(26, 'ПД-1а', 2),
(27, 'ПД-1б', 2),
(28, 'ПД-1в', 1),
(29, 'ПД-1г', 1),
(30, 'ИС-1', 1),
(31, 'Д-1', 1),
(32, 'Н-1б', 1),
(33, 'Ф-1а', 2),
(34, 'Ф-1в', 2),
(35, 'Ф-1г', 1),
(39, 'Ф-2а', 1),
(40, 'Ф-2б', 1),
(41, 'Ф-2в', 1),
(42, 'Ф-2г', 2),
(43, 'ПД-2а', 1),
(44, 'ПД-2б', 2),
(45, 'ПД-2в', 1),
(46, 'Д-2', 2),
(49, 'Э-3', 2),
(50, 'Н-4', 2),
(52, 'Ф-3б', 2),
(56, 'Ф-3г', 2),
(59, 'ПД-3б', 2),
(79, 'ПД-2г', 2),
(80, 'Н-2а', 1),
(81, 'ИС-2', 2),
(83, 'П-2', 2),
(87, 'Д-3', 1),
(89, 'Н-2б', 2),
(91, 'Т-2а', 2),
(93, 'Л-1а', 1),
(94, 'Л-1б', 1),
(95, '11 ПД-1', 2),
(96, 'П-1а', 1),
(97, 'П-1б', 1),
(98, 'Л-2а', 2),
(99, 'Л-2б', 2),
(102, 'ПД-1д', 1),
(104, 'ПД-3в', 2),
(106, 'Т-2б', 1),
(107, 'Э-2', 1),
(108, 'Ф-3а', 1),
(109, 'Т-3', 2),
(110, 'ПД-3а', 1),
(111, 'Ф-4а', 2),
(112, 'Ф-4в', 2),
(113, 'П-3', 1),
(114, 'Ф-4б', 1),
(115, 'Ф-4г', 1),
(118, 'Д-4', 2),
(119, 'Л-3', 2),
(120, '11Ф-1', 2),
(121, 'Test', 0);

-- --------------------------------------------------------

--
-- Структура таблицы `group_class`
--

CREATE TABLE `group_class` (
  `group_id` int(11) NOT NULL,
  `class_id` int(11) NOT NULL COMMENT '				'
) ENGINE=InnoDB DEFAULT CHARSET=utf8;

--
-- Дамп данных таблицы `group_class`
--

INSERT INTO `group_class` (`group_id`, `class_id`) VALUES
(4, 2),
(4, 4),
(4, 7),
(4, 110),
(4, 111),
(6, 4),
(6, 7),
(6, 21),
(6, 33),
(6, 34),
(6, 36),
(6, 37),
(6, 39),
(6, 40),
(6, 64),
(6, 65),
(6, 124),
(7, 4),
(7, 7),
(7, 9),
(7, 23),
(7, 29),
(7, 44),
(7, 45),
(7, 59),
(7, 65),
(8, 4),
(8, 7),
(8, 8),
(8, 29),
(8, 44),
(8, 50),
(8, 101),
(8, 107),
(8, 171),
(9, 4),
(9, 7),
(9, 21),
(9, 33),
(9, 34),
(9, 35),
(9, 36),
(9, 37),
(9, 38),
(9, 39),
(9, 52),
(9, 53),
(9, 54),
(9, 64),
(9, 65),
(9, 124),
(21, 4),
(21, 7),
(21, 11),
(21, 21),
(21, 33),
(21, 34),
(21, 36),
(21, 37),
(21, 38),
(21, 39),
(21, 40),
(21, 63),
(21, 64),
(21, 65),
(22, 4),
(22, 7),
(22, 11),
(22, 21),
(22, 33),
(22, 34),
(22, 36),
(22, 37),
(22, 38),
(22, 39),
(22, 40),
(22, 63),
(22, 64),
(22, 65),
(25, 4),
(25, 7),
(25, 11),
(25, 21),
(25, 33),
(25, 34),
(25, 36),
(25, 37),
(25, 38),
(25, 39),
(25, 40),
(25, 63),
(25, 64),
(25, 65),
(26, 4),
(26, 7),
(26, 11),
(26, 21),
(26, 33),
(26, 34),
(26, 36),
(26, 37),
(26, 38),
(26, 39),
(26, 40),
(26, 63),
(26, 64),
(26, 65),
(27, 4),
(27, 7),
(27, 11),
(27, 21),
(27, 33),
(27, 34),
(27, 36),
(27, 37),
(27, 38),
(27, 39),
(27, 40),
(27, 63),
(27, 64),
(27, 65),
(28, 4),
(28, 7),
(28, 11),
(28, 21),
(28, 33),
(28, 34),
(28, 36),
(28, 37),
(28, 38),
(28, 39),
(28, 40),
(28, 63),
(28, 64),
(28, 65),
(29, 4),
(29, 7),
(29, 11),
(29, 21),
(29, 33),
(29, 34),
(29, 36),
(29, 37),
(29, 38),
(29, 39),
(29, 40),
(29, 63),
(29, 64),
(29, 65),
(30, 4),
(30, 7),
(30, 21),
(30, 33),
(30, 35),
(30, 36),
(30, 37),
(30, 38),
(30, 39),
(30, 52),
(30, 53),
(30, 64),
(30, 65),
(30, 124),
(31, 4),
(31, 7),
(31, 21),
(31, 33),
(31, 34),
(31, 36),
(31, 37),
(31, 39),
(31, 40),
(31, 64),
(31, 65),
(31, 124),
(32, 4),
(32, 7),
(32, 21),
(32, 33),
(32, 34),
(32, 36),
(32, 37),
(32, 39),
(32, 40),
(32, 64),
(32, 65),
(32, 124),
(33, 4),
(33, 7),
(33, 21),
(33, 33),
(33, 34),
(33, 35),
(33, 36),
(33, 37),
(33, 38),
(33, 39),
(33, 52),
(33, 53),
(33, 54),
(33, 64),
(33, 65),
(33, 124),
(34, 4),
(34, 7),
(34, 21),
(34, 33),
(34, 34),
(34, 35),
(34, 36),
(34, 37),
(34, 38),
(34, 39),
(34, 52),
(34, 53),
(34, 54),
(34, 64),
(34, 65),
(34, 124),
(35, 4),
(35, 7),
(35, 21),
(35, 33),
(35, 34),
(35, 36),
(35, 37),
(35, 38),
(35, 39),
(35, 52),
(35, 53),
(35, 54),
(35, 64),
(35, 65),
(35, 124),
(39, 4),
(39, 7),
(39, 23),
(39, 39),
(39, 55),
(39, 56),
(39, 65),
(39, 79),
(39, 81),
(39, 82),
(39, 84),
(39, 85),
(39, 165),
(40, 4),
(40, 7),
(40, 23),
(40, 39),
(40, 55),
(40, 56),
(40, 65),
(40, 79),
(40, 81),
(40, 82),
(40, 84),
(40, 85),
(40, 165),
(41, 4),
(41, 7),
(41, 23),
(41, 39),
(41, 55),
(41, 56),
(41, 65),
(41, 79),
(41, 81),
(41, 82),
(41, 84),
(41, 85),
(41, 165),
(42, 4),
(42, 7),
(42, 11),
(42, 23),
(42, 39),
(42, 55),
(42, 56),
(42, 65),
(42, 81),
(42, 82),
(42, 84),
(42, 85),
(42, 165),
(43, 4),
(43, 7),
(43, 8),
(43, 17),
(43, 18),
(43, 23),
(43, 47),
(43, 55),
(43, 57),
(43, 65),
(43, 68),
(43, 87),
(43, 88),
(43, 89),
(43, 162),
(43, 163),
(44, 4),
(44, 7),
(44, 8),
(44, 18),
(44, 23),
(44, 47),
(44, 55),
(44, 57),
(44, 65),
(44, 68),
(44, 87),
(44, 88),
(44, 89),
(44, 142),
(44, 162),
(44, 163),
(45, 4),
(45, 7),
(45, 8),
(45, 17),
(45, 18),
(45, 23),
(45, 47),
(45, 55),
(45, 57),
(45, 65),
(45, 68),
(45, 87),
(45, 88),
(45, 89),
(45, 162),
(45, 163),
(46, 4),
(46, 7),
(46, 8),
(46, 13),
(46, 18),
(46, 29),
(46, 39),
(46, 44),
(46, 46),
(46, 47),
(46, 55),
(46, 57),
(46, 65),
(46, 91),
(46, 162),
(46, 163),
(46, 170),
(49, 1),
(49, 7),
(49, 69),
(49, 72),
(49, 104),
(49, 169),
(50, 29),
(50, 50),
(50, 72),
(50, 101),
(50, 103),
(52, 4),
(52, 7),
(52, 9),
(52, 23),
(52, 29),
(52, 44),
(52, 45),
(52, 59),
(52, 131),
(56, 4),
(56, 7),
(56, 9),
(56, 23),
(56, 29),
(56, 44),
(56, 45),
(56, 59),
(56, 65),
(59, 4),
(59, 7),
(59, 23),
(59, 29),
(59, 44),
(59, 59),
(59, 89),
(59, 93),
(59, 95),
(59, 98),
(59, 101),
(79, 4),
(79, 7),
(79, 8),
(79, 18),
(79, 23),
(79, 47),
(79, 55),
(79, 57),
(79, 65),
(79, 68),
(79, 87),
(79, 88),
(79, 89),
(79, 142),
(79, 162),
(79, 163),
(80, 1),
(80, 4),
(80, 7),
(80, 13),
(80, 23),
(80, 29),
(80, 46),
(80, 47),
(80, 49),
(80, 57),
(80, 65),
(80, 112),
(80, 123),
(81, 4),
(81, 7),
(81, 13),
(81, 55),
(81, 73),
(81, 114),
(81, 126),
(81, 127),
(81, 128),
(81, 130),
(83, 69),
(83, 70),
(83, 71),
(83, 72),
(83, 73),
(83, 74),
(83, 113),
(83, 114),
(87, 2),
(87, 3),
(87, 4),
(87, 7),
(87, 92),
(87, 93),
(87, 94),
(87, 95),
(87, 96),
(87, 97),
(89, 1),
(89, 4),
(89, 7),
(89, 13),
(89, 23),
(89, 29),
(89, 46),
(89, 47),
(89, 49),
(89, 57),
(89, 65),
(89, 112),
(89, 123),
(91, 4),
(91, 7),
(91, 23),
(91, 44),
(91, 55),
(91, 59),
(91, 65),
(91, 68),
(91, 72),
(91, 77),
(91, 78),
(91, 97),
(91, 167),
(93, 4),
(93, 7),
(93, 11),
(93, 21),
(93, 33),
(93, 34),
(93, 36),
(93, 37),
(93, 38),
(93, 39),
(93, 40),
(93, 63),
(93, 64),
(93, 65),
(94, 4),
(94, 7),
(94, 11),
(94, 21),
(94, 33),
(94, 34),
(94, 36),
(94, 37),
(94, 38),
(94, 39),
(94, 40),
(94, 63),
(94, 64),
(94, 65),
(94, 164),
(95, 4),
(95, 7),
(95, 8),
(95, 18),
(95, 23),
(95, 47),
(95, 55),
(95, 57),
(95, 65),
(95, 68),
(95, 87),
(95, 88),
(95, 89),
(95, 142),
(95, 162),
(95, 163),
(96, 4),
(96, 7),
(96, 21),
(96, 33),
(96, 36),
(96, 37),
(96, 38),
(96, 39),
(96, 52),
(96, 53),
(96, 64),
(96, 65),
(96, 114),
(96, 124),
(97, 4),
(97, 7),
(97, 21),
(97, 33),
(97, 36),
(97, 37),
(97, 38),
(97, 39),
(97, 52),
(97, 53),
(97, 64),
(97, 65),
(97, 114),
(97, 124),
(98, 4),
(98, 7),
(98, 8),
(98, 10),
(98, 11),
(98, 21),
(98, 23),
(98, 29),
(98, 55),
(98, 65),
(98, 80),
(99, 4),
(99, 7),
(99, 8),
(99, 10),
(99, 11),
(99, 21),
(99, 23),
(99, 29),
(99, 55),
(99, 65),
(99, 80),
(102, 4),
(102, 7),
(102, 11),
(102, 21),
(102, 33),
(102, 34),
(102, 36),
(102, 37),
(102, 38),
(102, 39),
(102, 40),
(102, 63),
(102, 64),
(102, 65),
(104, 4),
(104, 7),
(104, 23),
(104, 29),
(104, 44),
(104, 59),
(104, 89),
(104, 93),
(104, 95),
(104, 98),
(104, 101),
(106, 4),
(106, 7),
(106, 23),
(106, 33),
(106, 44),
(106, 55),
(106, 59),
(106, 65),
(106, 72),
(106, 77),
(106, 78),
(106, 97),
(106, 167),
(107, 7),
(107, 8),
(107, 11),
(107, 23),
(107, 44),
(107, 59),
(107, 66),
(107, 67),
(107, 68),
(107, 69),
(108, 4),
(108, 7),
(108, 9),
(108, 23),
(108, 29),
(108, 44),
(108, 45),
(108, 59),
(108, 65),
(109, 1),
(109, 2),
(109, 3),
(109, 4),
(109, 7),
(109, 97),
(109, 168),
(110, 4),
(110, 7),
(110, 23),
(110, 29),
(110, 44),
(110, 59),
(110, 89),
(110, 93),
(110, 95),
(110, 98),
(110, 101),
(111, 1),
(111, 13),
(111, 103),
(112, 1),
(112, 13),
(112, 103),
(113, 4),
(113, 7),
(113, 8),
(113, 10),
(113, 12),
(113, 21),
(113, 31),
(113, 32),
(113, 44),
(113, 48),
(113, 59),
(113, 114),
(114, 1),
(114, 13),
(114, 103),
(115, 1),
(115, 13),
(115, 103),
(118, 13),
(118, 66),
(118, 72),
(118, 114),
(118, 115),
(119, 1),
(119, 2),
(119, 4),
(119, 7),
(119, 9),
(119, 72),
(119, 102),
(119, 103),
(120, 4),
(120, 7),
(120, 11),
(120, 23),
(120, 39),
(120, 55),
(120, 56),
(120, 65),
(120, 81),
(120, 82),
(120, 84),
(120, 85),
(120, 165),
(121, 173);

-- --------------------------------------------------------

--
-- Структура таблицы `schedule`
--

CREATE TABLE `schedule` (
  `week_day_id` int(11) NOT NULL,
  `group_id` int(11) NOT NULL,
  `class_id` int(11) NOT NULL,
  `teacher_id` int(11) NOT NULL,
  `number` int(11) NOT NULL,
  `time_id` int(11) NOT NULL,
  `classroom_id` int(11) NOT NULL,
  `changed` tinyint(1) NOT NULL DEFAULT '0'
) ENGINE=InnoDB DEFAULT CHARSET=utf8;

--
-- Дамп данных таблицы `schedule`
--

INSERT INTO `schedule` (`week_day_id`, `group_id`, `class_id`, `teacher_id`, `number`, `time_id`, `classroom_id`, `changed`) VALUES
(1, 4, 4, 11, 7, 7, 46, 0),
(1, 4, 110, 81, 6, 6, 10, 0),
(1, 4, 111, 72, 4, 4, 27, 0),
(1, 4, 111, 72, 5, 5, 27, 0),
(1, 6, 7, 80, 2, 2, 1, 1),
(1, 6, 21, 9, 3, 3, 58, 0),
(1, 6, 33, 13, 1, 1, 11, 0),
(1, 7, 44, 57, 5, 5, 41, 0),
(1, 7, 59, 57, 6, 6, 30, 0),
(1, 7, 59, 57, 7, 7, 30, 0),
(1, 8, 8, 86, 4, 4, 64, 0),
(1, 8, 29, 23, 6, 6, 62, 0),
(1, 8, 44, 86, 5, 5, 62, 0),
(1, 8, 107, 85, 7, 7, 62, 0),
(1, 9, 7, 80, 5, 5, 1, 0),
(1, 9, 34, 79, 6, 6, 38, 1),
(1, 9, 37, 26, 4, 4, 41, 1),
(1, 21, 4, 32, 3, 3, 12, 0),
(1, 21, 21, 26, 1, 1, 58, 0),
(1, 21, 39, 50, 2, 2, 12, 0),
(1, 22, 7, 80, 3, 3, 1, 0),
(1, 22, 33, 13, 2, 2, 46, 0),
(1, 22, 39, 47, 1, 1, 46, 0),
(1, 25, 21, 26, 1, 1, 58, 0),
(1, 25, 34, 79, 3, 3, 59, 0),
(1, 25, 37, 14, 2, 2, 59, 0),
(1, 26, 11, 66, 5, 5, 31, 0),
(1, 26, 21, 48, 6, 6, 31, 0),
(1, 26, 33, 30, 4, 4, 46, 0),
(1, 27, 40, 75, 6, 6, 46, 0),
(1, 27, 63, 45, 5, 5, 46, 0),
(1, 27, 65, 77, 4, 4, 8, 0),
(1, 28, 33, 30, 2, 2, 28, 0),
(1, 28, 64, 50, 3, 3, 28, 0),
(1, 28, 65, 77, 1, 1, 10, 0),
(1, 29, 38, 83, 1, 1, 33, 0),
(1, 29, 40, 75, 2, 2, 60, 1),
(1, 29, 40, 75, 3, 3, 46, 0),
(1, 30, 7, 3, 3, 3, 1, 1),
(1, 30, 33, 28, 1, 1, 9, 0),
(1, 30, 52, 83, 2, 2, 9, 0),
(1, 31, 7, 3, 1, 1, 1, 0),
(1, 31, 37, 14, 3, 3, 33, 0),
(1, 31, 65, 77, 2, 2, 8, 0),
(1, 32, 4, 73, 2, 2, 11, 1),
(1, 32, 7, 80, 1, 1, 1, 1),
(1, 32, 21, 9, 3, 3, 58, 0),
(1, 33, 34, 79, 5, 5, 59, 0),
(1, 33, 36, 28, 6, 6, 59, 1),
(1, 33, 38, 83, 4, 4, 59, 0),
(1, 34, 21, 9, 6, 6, 61, 0),
(1, 34, 33, 28, 4, 4, 30, 0),
(1, 34, 36, 28, 5, 5, 30, 1),
(1, 35, 33, 28, 2, 2, 61, 0),
(1, 35, 53, 74, 3, 3, 61, 0),
(1, 35, 64, 50, 4, 4, 61, 0),
(1, 39, 56, 75, 4, 4, 65, 1),
(1, 39, 56, 75, 5, 5, 65, 0),
(1, 39, 82, 27, 7, 7, 65, 0),
(1, 39, 165, 53, 6, 6, 65, 0),
(1, 40, 56, 75, 7, 7, 64, 0),
(1, 40, 82, 27, 6, 6, 64, 0),
(1, 40, 165, 53, 5, 5, 64, 0),
(1, 41, 7, 80, 6, 6, 63, 0),
(1, 41, 39, 74, 4, 4, 63, 0),
(1, 41, 82, 27, 5, 5, 63, 0),
(1, 41, 165, 53, 7, 7, 63, 0),
(1, 42, 65, 2, 1, 1, 8, 0),
(1, 42, 81, 84, 2, 2, 65, 0),
(1, 42, 82, 27, 3, 3, 65, 0),
(1, 43, 4, 73, 3, 3, 45, 0),
(1, 43, 47, 8, 2, 2, 45, 1),
(1, 43, 88, 48, 1, 1, 45, 1),
(1, 44, 8, 120, 2, 2, 13, 1),
(1, 44, 18, 47, 3, 3, 13, 0),
(1, 44, 65, 81, 4, 4, 10, 0),
(1, 44, 87, 4, 1, 1, 13, 0),
(1, 45, 4, 73, 1, 1, 30, 0),
(1, 45, 18, 47, 4, 4, 28, 0),
(1, 45, 87, 4, 2, 2, 30, 0),
(1, 45, 89, 4, 3, 3, 30, 0),
(1, 46, 29, 85, 5, 5, 66, 0),
(1, 46, 39, 44, 4, 4, 66, 0),
(1, 46, 57, 85, 6, 6, 66, 0),
(1, 46, 170, 60, 3, 3, 68, 0),
(1, 49, 1, 35, 6, 6, 32, 0),
(1, 49, 1, 35, 7, 7, 32, 0),
(1, 49, 7, 3, 4, 4, 1, 0),
(1, 49, 104, 35, 5, 5, 27, 1),
(1, 50, 29, 23, 5, 5, 57, 0),
(1, 50, 29, 23, 7, 7, 57, 0),
(1, 50, 50, 24, 4, 4, 57, 0),
(1, 50, 50, 24, 6, 6, 57, 0),
(1, 52, 9, 9, 2, 2, 3, 0),
(1, 52, 59, 121, 1, 1, 3, 0),
(1, 52, 131, 2, 3, 3, 8, 0),
(1, 56, 9, 9, 5, 5, 61, 0),
(1, 56, 44, 116, 6, 6, 41, 0),
(1, 56, 44, 116, 7, 7, 41, 0),
(1, 59, 23, 8, 6, 6, 60, 0),
(1, 59, 89, 4, 5, 5, 60, 0),
(1, 59, 101, 8, 7, 7, 60, 0),
(1, 79, 7, 80, 7, 7, 1, 0),
(1, 79, 18, 47, 5, 5, 28, 0),
(1, 79, 142, 59, 6, 6, 28, 0),
(1, 80, 13, 53, 1, 1, 62, 0),
(1, 80, 23, 24, 2, 2, 62, 0),
(1, 80, 57, 24, 3, 3, 62, 0),
(1, 80, 65, 72, 4, 4, 27, 0),
(1, 81, 73, 74, 2, 2, 47, 0),
(1, 81, 128, 72, 1, 1, 27, 0),
(1, 81, 130, 72, 3, 3, 27, 0),
(1, 83, 72, 72, 6, 6, 27, 0),
(1, 83, 72, 72, 7, 7, 27, 0),
(1, 83, 74, 81, 5, 5, 10, 0),
(1, 83, 114, 122, 4, 4, 38, 0),
(1, 87, 93, 85, 3, 3, 66, 0),
(1, 87, 94, 25, 1, 1, 66, 0),
(1, 87, 94, 25, 2, 2, 66, 0),
(1, 89, 13, 53, 2, 2, 57, 0),
(1, 89, 46, 23, 1, 1, 57, 0),
(1, 89, 123, 86, 3, 3, 57, 0),
(1, 91, 44, 89, 1, 1, 31, 0),
(1, 91, 55, 84, 4, 4, 31, 0),
(1, 91, 59, 89, 2, 2, 31, 0),
(1, 91, 59, 89, 3, 3, 31, 0),
(1, 93, 21, 9, 4, 4, 58, 0),
(1, 93, 34, 79, 2, 2, 32, 0),
(1, 93, 39, 44, 3, 3, 32, 0),
(1, 94, 21, 9, 4, 4, 58, 0),
(1, 94, 39, 44, 2, 2, 44, 0),
(1, 94, 63, 45, 3, 3, 44, 0),
(1, 95, 18, 47, 6, 6, 9, 0),
(1, 95, 18, 47, 7, 7, 9, 0),
(1, 95, 68, 13, 4, 4, 9, 0),
(1, 95, 142, 59, 5, 5, 9, 0),
(1, 96, 36, 91, 2, 2, 58, 0),
(1, 96, 39, 50, 1, 1, 32, 0),
(1, 96, 52, 83, 3, 3, 3, 0),
(1, 97, 33, 30, 3, 3, 11, 0),
(1, 97, 36, 91, 2, 2, 58, 0),
(1, 97, 39, 74, 1, 1, 44, 0),
(1, 98, 8, 86, 7, 7, 12, 0),
(1, 98, 11, 88, 5, 5, 12, 0),
(1, 98, 29, 56, 4, 4, 12, 0),
(1, 98, 65, 10, 6, 6, 8, 0),
(1, 99, 11, 88, 6, 6, 44, 0),
(1, 99, 21, 26, 5, 5, 44, 0),
(1, 99, 80, 88, 7, 7, 44, 0),
(1, 102, 7, 3, 2, 2, 1, 0),
(1, 102, 21, 26, 3, 3, 47, 0),
(1, 102, 39, 44, 1, 1, 47, 0),
(1, 104, 23, 8, 3, 3, 60, 0),
(1, 104, 29, 46, 1, 1, 38, 0),
(1, 104, 29, 46, 2, 2, 38, 0),
(1, 104, 101, 8, 4, 4, 60, 0),
(1, 106, 23, 54, 5, 5, 2, 0),
(1, 106, 23, 54, 6, 6, 2, 0),
(1, 106, 23, 54, 7, 7, 2, 0),
(1, 106, 78, 54, 4, 4, 2, 0),
(1, 107, 8, 86, 1, 1, 7, 0),
(1, 107, 44, 35, 2, 2, 7, 0),
(1, 107, 44, 35, 3, 3, 7, 0),
(1, 107, 67, 88, 4, 4, 7, 0),
(1, 108, 23, 124, 6, 6, 3, 0),
(1, 108, 23, 124, 7, 7, 3, 0),
(1, 108, 29, 116, 5, 5, 3, 0),
(1, 108, 44, 116, 4, 4, 3, 0),
(1, 109, 1, 90, 6, 6, 11, 0),
(1, 109, 1, 90, 7, 7, 11, 0),
(1, 109, 168, 90, 4, 4, 11, 0),
(1, 109, 168, 90, 5, 5, 11, 0),
(1, 110, 23, 8, 5, 5, 47, 0),
(1, 110, 44, 45, 6, 6, 47, 0),
(1, 110, 59, 45, 7, 7, 47, 0),
(1, 110, 89, 4, 4, 4, 47, 0),
(1, 111, 1, 121, 4, 4, 13, 0),
(1, 111, 1, 121, 5, 5, 13, 0),
(1, 111, 1, 121, 6, 6, 13, 0),
(1, 111, 1, 121, 7, 7, 13, 0),
(1, 112, 1, 94, 5, 5, 45, 0),
(1, 112, 1, 94, 6, 6, 45, 0),
(1, 112, 1, 94, 7, 7, 45, 0),
(1, 112, 13, 53, 4, 4, 45, 0),
(1, 113, 10, 35, 4, 4, 32, 0),
(1, 113, 32, 81, 1, 1, 60, 0),
(1, 113, 44, 72, 2, 2, 27, 0),
(1, 113, 59, 81, 3, 3, 10, 0),
(1, 114, 1, 121, 2, 2, 41, 0),
(1, 114, 1, 121, 3, 3, 41, 0),
(1, 114, 103, 14, 1, 1, 41, 0),
(1, 115, 1, 94, 1, 1, 4, 0),
(1, 115, 1, 94, 2, 2, 4, 0),
(1, 115, 1, 94, 3, 3, 4, 0),
(1, 115, 103, 14, 4, 4, 4, 0),
(1, 118, 13, 61, 6, 6, 68, 0),
(1, 118, 13, 61, 7, 7, 68, 0),
(1, 118, 66, 34, 4, 4, 68, 0),
(1, 118, 66, 34, 5, 5, 68, 0),
(1, 119, 1, 7, 4, 4, 44, 0),
(1, 119, 72, 66, 6, 6, 7, 0),
(1, 119, 72, 66, 7, 7, 7, 0),
(1, 119, 103, 14, 5, 5, 7, 0),
(1, 120, 55, 84, 1, 1, 64, 0),
(1, 120, 81, 84, 3, 3, 64, 0),
(1, 120, 82, 27, 2, 2, 64, 0),
(2, 4, 110, 81, 5, 5, 10, 0),
(2, 4, 111, 72, 4, 4, 27, 0),
(2, 4, 111, 72, 6, 6, 27, 0),
(2, 4, 111, 72, 7, 7, 27, 0),
(2, 6, 7, 80, 1, 1, 1, 0),
(2, 6, 21, 9, 3, 3, 58, 0),
(2, 6, 65, 77, 2, 2, 8, 0),
(2, 7, 4, 32, 7, 7, 61, 0),
(2, 7, 9, 9, 6, 6, 61, 0),
(2, 7, 23, 57, 5, 5, 61, 0),
(2, 7, 45, 7, 4, 4, 61, 0),
(2, 8, 4, 73, 5, 5, 62, 0),
(2, 8, 29, 23, 7, 7, 62, 0),
(2, 8, 44, 86, 4, 4, 62, 0),
(2, 8, 44, 86, 6, 6, 62, 0),
(2, 9, 4, 11, 4, 4, 33, 0),
(2, 9, 52, 27, 5, 5, 59, 0),
(2, 9, 64, 50, 6, 6, 33, 0),
(2, 21, 36, 28, 1, 1, 58, 0),
(2, 21, 38, 83, 2, 2, 31, 0),
(2, 21, 39, 50, 3, 3, 12, 0),
(2, 22, 37, 14, 2, 2, 44, 0),
(2, 22, 39, 47, 1, 1, 44, 0),
(2, 22, 40, 83, 3, 3, 44, 1),
(2, 25, 4, 32, 3, 3, 59, 0),
(2, 25, 33, 28, 2, 2, 59, 0),
(2, 25, 36, 28, 1, 1, 58, 0),
(2, 26, 4, 76, 6, 6, 9, 0),
(2, 26, 40, 75, 5, 5, 31, 0),
(2, 26, 65, 77, 4, 4, 8, 0),
(2, 27, 7, 3, 6, 6, 1, 0),
(2, 27, 33, 30, 4, 4, 46, 0),
(2, 27, 64, 50, 5, 5, 33, 0),
(2, 28, 21, 26, 1, 1, 28, 0),
(2, 28, 39, 44, 2, 2, 28, 0),
(2, 28, 63, 45, 3, 3, 28, 0),
(2, 29, 34, 79, 2, 2, 46, 0),
(2, 29, 39, 44, 3, 3, 46, 0),
(2, 29, 63, 45, 1, 1, 46, 0),
(2, 30, 4, 32, 2, 2, 9, 0),
(2, 30, 7, 3, 3, 3, 1, 0),
(2, 30, 37, 14, 1, 1, 9, 0),
(2, 31, 21, 9, 2, 2, 33, 0),
(2, 31, 34, 79, 3, 3, 33, 0),
(2, 31, 64, 50, 1, 1, 33, 0),
(2, 32, 21, 9, 3, 3, 58, 0),
(2, 32, 33, 13, 1, 1, 12, 1),
(2, 32, 33, 13, 2, 2, 12, 0),
(2, 33, 7, 3, 5, 5, 1, 0),
(2, 33, 37, 26, 4, 4, 30, 1),
(2, 33, 52, 27, 6, 6, 59, 0),
(2, 34, 37, 26, 5, 5, 9, 1),
(2, 34, 52, 27, 4, 4, 59, 0),
(2, 34, 54, 75, 6, 6, 30, 0),
(2, 35, 4, 11, 2, 2, 61, 1),
(2, 35, 34, 79, 1, 1, 61, 0),
(2, 35, 36, 28, 3, 3, 61, 0),
(2, 39, 56, 75, 7, 7, 65, 0),
(2, 39, 81, 84, 5, 5, 65, 0),
(2, 39, 85, 84, 6, 6, 65, 0),
(2, 40, 4, 32, 5, 5, 63, 0),
(2, 40, 23, 116, 6, 6, 63, 0),
(2, 40, 79, 88, 7, 7, 63, 1),
(2, 40, 85, 84, 4, 4, 68, 0),
(2, 41, 23, 94, 6, 6, 3, 1),
(2, 41, 55, 84, 7, 7, 64, 0),
(2, 41, 65, 2, 5, 5, 8, 0),
(2, 42, 4, 32, 1, 1, 65, 0),
(2, 42, 23, 94, 2, 2, 65, 0),
(2, 42, 56, 75, 3, 3, 65, 0),
(2, 43, 8, 120, 1, 1, 45, 0),
(2, 43, 18, 47, 2, 2, 45, 0),
(2, 43, 87, 4, 3, 3, 45, 0),
(2, 43, 89, 4, 4, 4, 38, 0),
(2, 44, 18, 47, 3, 3, 13, 0),
(2, 44, 89, 4, 2, 2, 13, 0),
(2, 44, 142, 59, 1, 1, 13, 0),
(2, 45, 17, 59, 2, 2, 30, 0),
(2, 45, 18, 47, 4, 4, 31, 0),
(2, 45, 23, 46, 3, 3, 31, 0),
(2, 45, 162, 4, 1, 1, 30, 0),
(2, 46, 4, 73, 6, 6, 66, 0),
(2, 46, 13, 53, 7, 7, 66, 0),
(2, 46, 46, 60, 4, 4, 63, 0),
(2, 46, 91, 34, 5, 5, 66, 0),
(2, 49, 69, 117, 5, 5, 32, 0),
(2, 49, 72, 35, 6, 6, 27, 1),
(2, 49, 72, 35, 7, 7, 27, 1),
(2, 50, 50, 24, 4, 4, 57, 0),
(2, 50, 50, 24, 5, 5, 57, 0),
(2, 50, 72, 25, 6, 6, 57, 0),
(2, 50, 72, 25, 7, 7, 57, 0),
(2, 52, 23, 116, 3, 3, 3, 0),
(2, 52, 29, 116, 4, 4, 3, 0),
(2, 52, 44, 22, 1, 1, 3, 0),
(2, 52, 44, 22, 2, 2, 3, 0),
(2, 56, 7, 3, 4, 4, 1, 0),
(2, 56, 23, 57, 6, 6, 31, 0),
(2, 56, 23, 57, 7, 7, 31, 0),
(2, 56, 44, 22, 5, 5, 41, 0),
(2, 59, 23, 8, 5, 5, 60, 0),
(2, 59, 29, 46, 6, 6, 38, 0),
(2, 59, 98, 46, 7, 7, 60, 0),
(2, 79, 4, 11, 6, 6, 28, 0),
(2, 79, 8, 120, 5, 5, 28, 0),
(2, 79, 87, 4, 7, 7, 28, 0),
(2, 80, 46, 23, 2, 2, 62, 0),
(2, 80, 112, 3, 1, 1, 62, 0),
(2, 80, 123, 23, 3, 3, 62, 0),
(2, 81, 126, 81, 4, 4, 10, 0),
(2, 81, 128, 72, 1, 1, 27, 0),
(2, 81, 128, 72, 2, 2, 27, 0),
(2, 81, 130, 72, 3, 3, 27, 0),
(2, 83, 69, 81, 6, 6, 10, 0),
(2, 83, 72, 72, 5, 5, 27, 0),
(2, 83, 73, 50, 7, 7, 9, 0),
(2, 83, 113, 56, 4, 4, 32, 0),
(2, 87, 2, 34, 4, 4, 66, 0),
(2, 87, 4, 73, 3, 3, 66, 0),
(2, 87, 96, 34, 1, 1, 66, 0),
(2, 87, 97, 34, 2, 2, 66, 0),
(2, 89, 23, 24, 3, 3, 57, 0),
(2, 89, 49, 25, 1, 1, 57, 0),
(2, 89, 65, 72, 4, 4, 27, 0),
(2, 89, 112, 3, 2, 2, 57, 0),
(2, 91, 4, 32, 4, 4, 12, 0),
(2, 91, 23, 54, 1, 1, 2, 0),
(2, 91, 23, 54, 2, 2, 2, 0),
(2, 91, 23, 54, 3, 3, 2, 0),
(2, 93, 33, 13, 1, 1, 32, 0),
(2, 93, 37, 26, 2, 2, 58, 0),
(2, 93, 65, 77, 3, 3, 8, 0),
(2, 94, 33, 13, 3, 3, 32, 0),
(2, 94, 37, 26, 2, 2, 58, 0),
(2, 94, 65, 77, 1, 1, 8, 0),
(2, 95, 4, 73, 7, 7, 46, 0),
(2, 95, 87, 4, 6, 6, 46, 0),
(2, 95, 88, 48, 5, 5, 46, 0),
(2, 96, 38, 83, 4, 4, 9, 0),
(2, 96, 39, 50, 2, 2, 32, 0),
(2, 96, 53, 74, 3, 3, 9, 0),
(2, 97, 38, 83, 3, 3, 11, 0),
(2, 97, 53, 74, 2, 2, 11, 0),
(2, 97, 124, 30, 1, 1, 11, 0),
(2, 98, 7, 80, 4, 4, 1, 0),
(2, 98, 10, 35, 5, 5, 12, 0),
(2, 98, 29, 56, 6, 6, 12, 0),
(2, 99, 10, 35, 4, 4, 44, 0),
(2, 99, 23, 66, 5, 5, 44, 0),
(2, 99, 65, 10, 6, 6, 8, 0),
(2, 102, 37, 26, 3, 3, 47, 0),
(2, 102, 38, 83, 1, 1, 47, 0),
(2, 102, 63, 45, 2, 2, 47, 0),
(2, 104, 23, 8, 3, 3, 60, 0),
(2, 104, 93, 61, 1, 1, 60, 0),
(2, 104, 93, 61, 2, 2, 60, 0),
(2, 104, 101, 8, 4, 4, 60, 0),
(2, 106, 77, 90, 5, 5, 2, 0),
(2, 106, 97, 90, 6, 6, 2, 0),
(2, 106, 97, 90, 7, 7, 2, 0),
(2, 106, 167, 90, 4, 4, 2, 0),
(2, 107, 59, 35, 2, 2, 7, 0),
(2, 107, 68, 30, 3, 3, 7, 0),
(2, 107, 69, 117, 1, 1, 7, 0),
(2, 108, 23, 116, 7, 7, 3, 0),
(2, 108, 44, 22, 6, 6, 41, 0),
(2, 108, 45, 66, 4, 4, 58, 0),
(2, 108, 59, 121, 5, 5, 3, 0),
(2, 109, 2, 54, 5, 5, 11, 0),
(2, 109, 2, 54, 6, 6, 11, 0),
(2, 109, 2, 54, 7, 7, 11, 0),
(2, 110, 23, 8, 6, 6, 47, 0),
(2, 110, 29, 46, 5, 5, 38, 0),
(2, 110, 98, 46, 4, 4, 47, 0),
(2, 110, 101, 8, 7, 7, 47, 0),
(2, 111, 1, 121, 6, 6, 13, 0),
(2, 111, 1, 121, 7, 7, 13, 0),
(2, 111, 13, 53, 4, 4, 13, 0),
(2, 111, 13, 53, 5, 5, 13, 0),
(2, 112, 1, 94, 4, 4, 45, 0),
(2, 112, 1, 94, 5, 5, 45, 0),
(2, 112, 1, 94, 7, 7, 45, 0),
(2, 112, 13, 53, 6, 6, 45, 0),
(2, 113, 4, 11, 3, 3, 10, 0),
(2, 113, 21, 9, 1, 1, 10, 0),
(2, 113, 59, 81, 2, 2, 10, 0),
(2, 114, 1, 121, 1, 1, 41, 0),
(2, 114, 1, 121, 2, 2, 41, 0),
(2, 114, 1, 121, 4, 4, 41, 0),
(2, 114, 103, 14, 3, 3, 41, 0),
(2, 115, 1, 94, 3, 3, 4, 0),
(2, 115, 13, 53, 1, 1, 4, 0),
(2, 115, 13, 53, 2, 2, 4, 0),
(2, 115, 103, 14, 4, 4, 4, 0),
(2, 118, 72, 85, 5, 5, 68, 0),
(2, 118, 72, 85, 6, 6, 68, 0),
(2, 118, 115, 86, 7, 7, 68, 0),
(2, 119, 2, 7, 6, 6, 7, 0),
(2, 119, 4, 11, 5, 5, 7, 0),
(2, 119, 9, 9, 4, 4, 7, 0),
(2, 119, 102, 35, 3, 3, 30, 0),
(2, 120, 7, 80, 3, 3, 64, 0),
(2, 120, 23, 116, 2, 2, 64, 0),
(2, 120, 56, 75, 4, 4, 64, 0),
(3, 4, 110, 81, 4, 4, 10, 0),
(3, 4, 110, 81, 6, 6, 10, 0),
(3, 4, 111, 72, 5, 5, 27, 0),
(3, 4, 111, 72, 7, 7, 27, 0),
(3, 6, 7, 80, 2, 2, 1, 0),
(3, 6, 37, 14, 1, 1, 58, 0),
(3, 6, 64, 50, 3, 3, 58, 0),
(3, 7, 29, 116, 4, 4, 59, 0),
(3, 7, 44, 57, 5, 5, 41, 0),
(3, 7, 44, 57, 6, 6, 41, 0),
(3, 7, 44, 57, 7, 7, 41, 0),
(3, 8, 7, 3, 7, 7, 62, 0),
(3, 8, 44, 86, 6, 6, 62, 0),
(3, 8, 171, 86, 5, 5, 62, 0),
(3, 9, 21, 9, 4, 4, 33, 1),
(3, 9, 38, 83, 6, 6, 33, 0),
(3, 9, 53, 74, 5, 5, 33, 0),
(3, 21, 7, 6, 1, 1, 1, 0),
(3, 21, 33, 28, 3, 3, 12, 0),
(3, 21, 37, 14, 2, 2, 11, 0),
(3, 22, 21, 26, 1, 1, 46, 0),
(3, 22, 36, 13, 3, 3, 47, 0),
(3, 22, 65, 77, 2, 2, 8, 0),
(3, 25, 38, 83, 3, 3, 59, 0),
(3, 25, 39, 50, 2, 2, 59, 0),
(3, 25, 65, 10, 1, 1, 8, 0),
(3, 26, 36, 30, 4, 4, 60, 0),
(3, 26, 39, 44, 6, 6, 31, 0),
(3, 26, 63, 45, 5, 5, 31, 0),
(3, 27, 4, 76, 6, 6, 9, 0),
(3, 27, 11, 66, 4, 4, 46, 0),
(3, 27, 39, 44, 5, 5, 46, 0),
(3, 28, 4, 11, 2, 2, 28, 0),
(3, 28, 37, 14, 3, 3, 28, 0),
(3, 28, 38, 83, 1, 1, 44, 0),
(3, 29, 4, 76, 1, 1, 9, 0),
(3, 29, 33, 30, 3, 3, 46, 0),
(3, 29, 39, 44, 2, 2, 46, 0),
(3, 30, 21, 9, 3, 3, 9, 1),
(3, 30, 36, 28, 2, 2, 9, 0),
(3, 30, 65, 72, 1, 1, 27, 0),
(3, 31, 4, 73, 3, 3, 33, 0),
(3, 31, 33, 13, 1, 1, 33, 0),
(3, 31, 36, 13, 2, 2, 33, 0),
(3, 32, 37, 14, 1, 1, 58, 0),
(3, 32, 40, 83, 2, 2, 12, 0),
(3, 32, 64, 50, 3, 3, 58, 0),
(3, 33, 21, 9, 5, 5, 59, 1),
(3, 33, 53, 74, 4, 4, 9, 0),
(3, 33, 54, 75, 6, 6, 59, 0),
(3, 34, 36, 28, 4, 4, 47, 0),
(3, 34, 38, 83, 5, 5, 61, 0),
(3, 34, 53, 74, 6, 6, 61, 0),
(3, 35, 4, 11, 3, 3, 61, 0),
(3, 35, 21, 9, 2, 2, 61, 1),
(3, 35, 52, 27, 1, 1, 59, 0),
(3, 39, 23, 116, 7, 7, 61, 0),
(3, 39, 55, 84, 5, 5, 65, 0),
(3, 39, 65, 2, 6, 6, 8, 0),
(3, 40, 7, 80, 6, 6, 64, 0),
(3, 40, 23, 116, 5, 5, 64, 0),
(3, 40, 55, 84, 4, 4, 63, 0),
(3, 40, 81, 84, 7, 7, 64, 0),
(3, 41, 4, 32, 5, 5, 63, 0),
(3, 41, 23, 94, 4, 4, 61, 0),
(3, 41, 56, 75, 7, 7, 63, 0),
(3, 41, 81, 84, 6, 6, 63, 0),
(3, 42, 39, 74, 3, 3, 65, 0),
(3, 42, 82, 27, 2, 2, 65, 0),
(3, 42, 84, 11, 1, 1, 65, 0),
(3, 42, 85, 75, 4, 4, 65, 0),
(3, 43, 23, 46, 3, 3, 45, 0),
(3, 43, 57, 8, 1, 1, 45, 0),
(3, 43, 162, 4, 2, 2, 45, 0),
(3, 44, 23, 46, 2, 2, 13, 0),
(3, 44, 57, 8, 3, 3, 13, 0),
(3, 44, 162, 4, 1, 1, 13, 0),
(3, 44, 163, 4, 4, 4, 13, 0),
(3, 45, 8, 120, 1, 1, 30, 0),
(3, 45, 57, 8, 2, 2, 30, 0),
(3, 45, 163, 4, 3, 3, 30, 0),
(3, 46, 7, 3, 5, 5, 66, 0),
(3, 46, 8, 86, 7, 7, 66, 0),
(3, 46, 29, 85, 6, 6, 66, 0),
(3, 46, 91, 34, 4, 4, 64, 0),
(3, 49, 1, 35, 4, 4, 32, 0),
(3, 49, 1, 35, 5, 5, 27, 1),
(3, 49, 169, 35, 6, 6, 32, 0),
(3, 49, 169, 35, 7, 7, 32, 0),
(3, 50, 29, 23, 6, 6, 57, 0),
(3, 50, 29, 23, 7, 7, 57, 0),
(3, 50, 101, 60, 4, 4, 62, 0),
(3, 50, 101, 60, 5, 5, 57, 0),
(3, 52, 44, 22, 3, 3, 3, 0),
(3, 52, 44, 22, 4, 4, 3, 0),
(3, 52, 59, 121, 1, 1, 3, 0),
(3, 52, 59, 121, 2, 2, 3, 0),
(3, 56, 4, 32, 7, 7, 30, 0),
(3, 56, 23, 57, 4, 4, 30, 0),
(3, 56, 29, 116, 6, 6, 30, 0),
(3, 56, 59, 121, 5, 5, 30, 0),
(3, 59, 4, 11, 5, 5, 60, 0),
(3, 59, 7, 79, 4, 4, 1, 0),
(3, 59, 44, 45, 6, 6, 60, 0),
(3, 59, 59, 45, 7, 7, 60, 0),
(3, 79, 23, 46, 6, 6, 28, 0),
(3, 79, 57, 8, 4, 4, 28, 0),
(3, 79, 88, 48, 5, 5, 28, 0),
(3, 79, 89, 4, 7, 7, 28, 0),
(3, 80, 7, 80, 4, 4, 5, 0),
(3, 80, 23, 24, 3, 3, 62, 0),
(3, 80, 46, 23, 1, 1, 62, 0),
(3, 80, 49, 25, 2, 2, 62, 0),
(3, 81, 73, 74, 1, 1, 47, 1),
(3, 81, 128, 72, 2, 2, 27, 0),
(3, 81, 130, 72, 3, 3, 27, 0),
(3, 83, 69, 81, 5, 5, 10, 0),
(3, 83, 71, 2, 7, 7, 8, 0),
(3, 83, 72, 72, 6, 6, 27, 0),
(3, 87, 7, 3, 4, 4, 66, 0),
(3, 87, 94, 25, 1, 1, 66, 0),
(3, 87, 95, 85, 2, 2, 66, 0),
(3, 87, 95, 85, 3, 3, 66, 0),
(3, 89, 7, 80, 3, 3, 57, 0),
(3, 89, 23, 24, 4, 4, 57, 0),
(3, 89, 46, 23, 2, 2, 57, 0),
(3, 89, 57, 24, 1, 1, 57, 0),
(3, 91, 77, 90, 2, 2, 31, 0),
(3, 91, 97, 90, 3, 3, 31, 0),
(3, 91, 97, 90, 4, 4, 31, 0),
(3, 91, 167, 90, 1, 1, 31, 0),
(3, 93, 4, 73, 2, 2, 32, 0),
(3, 93, 39, 44, 1, 1, 32, 0),
(3, 93, 40, 75, 3, 3, 32, 0),
(3, 94, 7, 6, 2, 2, 1, 0),
(3, 94, 39, 44, 3, 3, 44, 0),
(3, 94, 64, 50, 1, 1, 28, 0),
(3, 95, 7, 79, 7, 7, 1, 0),
(3, 95, 23, 46, 5, 5, 9, 0),
(3, 95, 89, 4, 6, 6, 46, 0),
(3, 96, 7, 6, 3, 3, 1, 0),
(3, 96, 33, 30, 1, 1, 60, 0),
(3, 96, 37, 26, 2, 2, 58, 0),
(3, 97, 4, 32, 3, 3, 11, 0),
(3, 97, 37, 26, 2, 2, 58, 0),
(3, 97, 53, 74, 1, 1, 11, 0),
(3, 98, 11, 88, 6, 6, 12, 1),
(3, 98, 21, 26, 4, 4, 12, 0),
(3, 98, 23, 66, 5, 5, 12, 0),
(3, 98, 23, 66, 7, 7, 12, 0),
(3, 99, 4, 11, 4, 4, 44, 0),
(3, 99, 11, 88, 7, 7, 44, 1),
(3, 99, 23, 66, 6, 6, 44, 0),
(3, 99, 29, 56, 5, 5, 44, 0),
(3, 102, 34, 79, 2, 2, 47, 0),
(3, 102, 64, 50, 4, 4, 58, 0),
(3, 102, 65, 77, 3, 3, 10, 0),
(3, 104, 7, 79, 1, 1, 1, 0),
(3, 104, 44, 45, 2, 2, 60, 0),
(3, 104, 44, 45, 3, 3, 60, 0),
(3, 106, 4, 32, 4, 4, 2, 0),
(3, 106, 44, 89, 5, 5, 2, 0),
(3, 106, 59, 89, 6, 6, 2, 0),
(3, 106, 59, 89, 7, 7, 2, 0),
(3, 107, 23, 118, 3, 3, 7, 0),
(3, 107, 44, 35, 1, 1, 7, 0),
(3, 107, 44, 35, 2, 2, 7, 0),
(3, 108, 59, 121, 6, 6, 3, 0),
(3, 108, 59, 121, 7, 7, 3, 0),
(3, 108, 65, 2, 5, 5, 8, 0),
(3, 109, 3, 54, 5, 5, 11, 0),
(3, 109, 3, 54, 6, 6, 11, 0),
(3, 109, 3, 54, 7, 7, 11, 0),
(3, 109, 4, 73, 4, 4, 11, 0),
(3, 110, 7, 79, 5, 5, 1, 0),
(3, 110, 93, 61, 6, 6, 47, 0),
(3, 110, 95, 61, 7, 7, 47, 0),
(3, 111, 13, 53, 6, 6, 13, 0),
(3, 111, 13, 53, 7, 7, 13, 0),
(3, 111, 103, 14, 5, 5, 13, 0),
(3, 112, 1, 94, 5, 5, 45, 0),
(3, 112, 1, 94, 7, 7, 45, 0),
(3, 112, 103, 14, 4, 4, 45, 0),
(3, 112, 103, 14, 6, 6, 45, 0),
(3, 113, 12, 35, 3, 3, 8, 0),
(3, 113, 44, 72, 4, 4, 27, 0),
(3, 113, 59, 81, 1, 1, 10, 0),
(3, 113, 59, 81, 2, 2, 10, 0),
(3, 114, 1, 121, 3, 3, 41, 0),
(3, 114, 1, 121, 4, 4, 41, 0),
(3, 114, 13, 53, 1, 1, 41, 0),
(3, 114, 13, 53, 2, 2, 41, 0),
(3, 115, 1, 94, 1, 1, 4, 0),
(3, 115, 1, 94, 2, 2, 4, 0),
(3, 115, 13, 53, 3, 3, 4, 0),
(3, 115, 13, 53, 4, 4, 4, 0),
(3, 118, 66, 34, 5, 5, 68, 0),
(3, 118, 72, 85, 4, 4, 68, 0),
(3, 118, 72, 85, 7, 7, 68, 0),
(3, 118, 114, 119, 6, 6, 68, 0),
(3, 119, 1, 7, 4, 4, 7, 0),
(3, 119, 2, 7, 5, 5, 7, 0),
(3, 119, 2, 7, 6, 6, 7, 0),
(3, 119, 7, 80, 7, 7, 1, 0),
(3, 120, 4, 32, 2, 2, 64, 0),
(3, 120, 56, 75, 1, 1, 64, 0),
(3, 120, 65, 10, 4, 4, 8, 0),
(3, 120, 82, 27, 3, 3, 64, 0),
(4, 4, 111, 72, 5, 5, 27, 0),
(4, 4, 111, 72, 6, 6, 27, 0),
(4, 4, 111, 72, 7, 7, 27, 0),
(4, 6, 36, 13, 3, 3, 58, 0),
(4, 6, 40, 83, 1, 1, 11, 1),
(4, 6, 40, 83, 2, 2, 11, 0),
(4, 7, 7, 3, 4, 4, 1, 0),
(4, 7, 23, 57, 5, 5, 61, 0),
(4, 7, 59, 57, 6, 6, 61, 0),
(4, 7, 65, 2, 7, 7, 8, 0),
(4, 8, 44, 86, 4, 4, 62, 0),
(4, 8, 50, 24, 5, 5, 62, 0),
(4, 8, 50, 24, 6, 6, 62, 0),
(4, 9, 33, 28, 6, 6, 33, 0),
(4, 9, 52, 27, 5, 5, 59, 0),
(4, 9, 54, 75, 4, 4, 33, 0),
(4, 21, 37, 14, 2, 2, 45, 0),
(4, 21, 39, 50, 1, 1, 45, 0),
(4, 21, 63, 4, 3, 3, 45, 0),
(4, 22, 4, 73, 1, 1, 32, 0),
(4, 22, 34, 79, 2, 2, 32, 0),
(4, 22, 40, 83, 3, 3, 31, 0),
(4, 25, 7, 6, 1, 1, 1, 0),
(4, 25, 39, 50, 2, 2, 59, 0),
(4, 25, 40, 75, 3, 3, 59, 0),
(4, 26, 4, 76, 6, 6, 9, 0),
(4, 26, 37, 26, 4, 4, 31, 0),
(4, 26, 39, 44, 5, 5, 31, 0),
(4, 27, 7, 3, 6, 6, 1, 0),
(4, 27, 37, 26, 5, 5, 46, 0),
(4, 27, 39, 44, 4, 4, 46, 0),
(4, 28, 7, 3, 1, 1, 1, 0),
(4, 28, 36, 30, 2, 2, 28, 0),
(4, 28, 39, 44, 3, 3, 32, 0),
(4, 29, 11, 66, 2, 2, 46, 0),
(4, 29, 21, 26, 3, 3, 46, 0),
(4, 29, 65, 77, 1, 1, 10, 0),
(4, 30, 21, 9, 1, 1, 44, 0),
(4, 30, 37, 14, 3, 3, 9, 0),
(4, 30, 53, 74, 2, 2, 9, 0),
(4, 31, 7, 3, 3, 3, 1, 0),
(4, 31, 21, 9, 2, 2, 33, 1),
(4, 31, 37, 14, 1, 1, 33, 0),
(4, 32, 34, 79, 1, 1, 12, 0),
(4, 32, 36, 13, 3, 3, 58, 0),
(4, 32, 124, 13, 2, 2, 12, 0),
(4, 33, 21, 9, 4, 4, 9, 0),
(4, 33, 33, 28, 5, 5, 9, 0),
(4, 33, 52, 27, 6, 6, 59, 0),
(4, 34, 37, 26, 6, 6, 28, 0),
(4, 34, 52, 27, 4, 4, 59, 0),
(4, 34, 64, 50, 5, 5, 33, 0),
(4, 35, 21, 9, 3, 3, 61, 0),
(4, 35, 38, 83, 4, 4, 61, 0),
(4, 35, 54, 75, 2, 2, 61, 0),
(4, 39, 4, 32, 4, 4, 65, 0),
(4, 39, 7, 80, 5, 5, 65, 0),
(4, 39, 79, 88, 7, 7, 65, 0),
(4, 39, 165, 53, 6, 6, 65, 0),
(4, 40, 56, 75, 7, 7, 64, 0),
(4, 40, 65, 10, 4, 4, 8, 0),
(4, 40, 84, 11, 6, 6, 64, 1),
(4, 40, 165, 53, 5, 5, 64, 0),
(4, 41, 23, 94, 4, 4, 63, 0),
(4, 41, 84, 11, 5, 5, 63, 0),
(4, 41, 85, 75, 6, 6, 63, 0),
(4, 41, 165, 53, 7, 7, 63, 0),
(4, 42, 7, 80, 3, 3, 65, 0),
(4, 42, 55, 84, 2, 2, 65, 0),
(4, 42, 165, 53, 1, 1, 65, 0),
(4, 43, 65, 77, 3, 3, 10, 0),
(4, 43, 68, 28, 1, 1, 60, 0),
(4, 43, 88, 48, 2, 2, 60, 0),
(4, 43, 163, 4, 4, 4, 38, 0),
(4, 44, 7, 80, 1, 1, 1, 0),
(4, 44, 47, 8, 3, 3, 13, 1),
(4, 44, 68, 28, 2, 2, 13, 0),
(4, 45, 7, 80, 2, 2, 1, 0),
(4, 45, 47, 8, 4, 4, 30, 0),
(4, 45, 68, 28, 3, 3, 30, 0),
(4, 45, 88, 48, 1, 1, 30, 0),
(4, 46, 8, 86, 6, 6, 66, 0),
(4, 46, 29, 85, 5, 5, 66, 0),
(4, 46, 57, 85, 7, 7, 66, 0),
(4, 49, 69, 117, 6, 6, 32, 0),
(4, 49, 69, 117, 7, 7, 32, 0),
(4, 49, 72, 35, 5, 5, 27, 1),
(4, 50, 29, 23, 4, 4, 57, 0),
(4, 50, 50, 24, 7, 7, 57, 0),
(4, 50, 103, 14, 5, 5, 57, 0),
(4, 50, 103, 14, 6, 6, 57, 1),
(4, 52, 4, 32, 3, 3, 3, 0),
(4, 52, 23, 116, 1, 1, 3, 0),
(4, 52, 29, 116, 2, 2, 3, 0),
(4, 52, 45, 66, 4, 4, 3, 0),
(4, 56, 29, 116, 7, 7, 41, 0),
(4, 56, 44, 22, 6, 6, 41, 0),
(4, 56, 45, 7, 4, 4, 12, 0),
(4, 56, 65, 2, 5, 5, 8, 0),
(4, 59, 44, 45, 6, 6, 60, 0),
(4, 59, 59, 45, 7, 7, 60, 0),
(4, 59, 93, 61, 4, 4, 44, 0),
(4, 59, 98, 46, 5, 5, 60, 0),
(4, 79, 65, 81, 6, 6, 10, 0),
(4, 79, 68, 28, 4, 4, 28, 0),
(4, 79, 88, 48, 7, 7, 9, 1),
(4, 79, 162, 4, 5, 5, 28, 0),
(4, 80, 1, 25, 1, 1, 62, 0),
(4, 80, 46, 23, 2, 2, 62, 0),
(4, 80, 57, 24, 3, 3, 62, 0),
(4, 81, 73, 74, 3, 3, 33, 0),
(4, 81, 126, 81, 2, 2, 10, 0),
(4, 81, 128, 72, 1, 1, 27, 0),
(4, 81, 130, 72, 4, 4, 27, 0),
(4, 83, 69, 81, 4, 4, 10, 0),
(4, 83, 69, 81, 7, 7, 10, 0),
(4, 83, 73, 50, 6, 6, 31, 0),
(4, 83, 74, 81, 5, 5, 10, 1),
(4, 87, 3, 34, 3, 3, 66, 0),
(4, 87, 92, 34, 1, 1, 66, 0),
(4, 87, 96, 34, 2, 2, 66, 0),
(4, 89, 46, 23, 3, 3, 57, 0),
(4, 89, 47, 24, 1, 1, 57, 0),
(4, 89, 57, 24, 2, 2, 57, 0),
(4, 91, 7, 80, 4, 4, 1, 0),
(4, 91, 65, 77, 2, 2, 8, 0),
(4, 91, 68, 30, 1, 1, 31, 0),
(4, 91, 78, 54, 3, 3, 11, 0),
(4, 93, 7, 6, 2, 2, 1, 0),
(4, 93, 36, 13, 1, 1, 58, 0),
(4, 93, 64, 50, 3, 3, 28, 0),
(4, 94, 4, 73, 2, 2, 44, 0),
(4, 94, 34, 79, 3, 3, 44, 0),
(4, 94, 36, 13, 1, 1, 58, 0),
(4, 95, 8, 120, 3, 3, 12, 0),
(4, 95, 47, 8, 6, 6, 30, 0),
(4, 95, 55, 84, 4, 4, 32, 0),
(4, 95, 57, 8, 5, 5, 30, 0),
(4, 96, 37, 26, 2, 2, 58, 0),
(4, 96, 53, 74, 1, 1, 9, 0),
(4, 96, 65, 2, 3, 3, 8, 0),
(4, 97, 7, 6, 3, 3, 1, 0),
(4, 97, 37, 26, 2, 2, 58, 0),
(4, 97, 52, 83, 1, 1, 61, 0),
(4, 98, 4, 32, 5, 5, 12, 0),
(4, 98, 10, 35, 7, 7, 12, 0),
(4, 98, 29, 56, 6, 6, 12, 0),
(4, 99, 7, 79, 4, 4, 1, 0),
(4, 99, 10, 35, 6, 6, 44, 0),
(4, 99, 23, 66, 7, 7, 44, 0),
(4, 99, 29, 56, 5, 5, 44, 0),
(4, 102, 33, 30, 3, 3, 47, 0),
(4, 102, 39, 44, 2, 2, 47, 0),
(4, 102, 40, 75, 1, 1, 47, 0),
(4, 104, 4, 11, 4, 4, 60, 0),
(4, 104, 29, 46, 1, 1, 38, 0),
(4, 104, 29, 46, 2, 2, 38, 0),
(4, 104, 95, 61, 3, 3, 60, 0),
(4, 106, 72, 89, 5, 5, 2, 0),
(4, 106, 72, 89, 6, 6, 2, 0),
(4, 106, 72, 89, 7, 7, 2, 0),
(4, 107, 7, 3, 2, 2, 1, 0),
(4, 107, 23, 118, 1, 1, 7, 0),
(4, 107, 59, 35, 3, 3, 7, 0),
(4, 107, 59, 35, 4, 4, 7, 0),
(4, 108, 9, 9, 7, 7, 3, 0),
(4, 108, 23, 116, 6, 6, 3, 0),
(4, 108, 44, 22, 5, 5, 3, 0),
(4, 109, 7, 3, 7, 7, 1, 0),
(4, 109, 97, 90, 4, 4, 11, 0),
(4, 109, 97, 90, 5, 5, 11, 0),
(4, 109, 97, 90, 6, 6, 11, 0),
(4, 110, 4, 11, 7, 7, 47, 0),
(4, 110, 44, 45, 4, 4, 47, 0),
(4, 110, 59, 45, 5, 5, 47, 0),
(4, 110, 98, 46, 6, 6, 47, 0),
(4, 111, 1, 121, 4, 4, 13, 0),
(4, 111, 1, 121, 5, 5, 13, 0),
(4, 111, 1, 121, 6, 6, 13, 0),
(4, 111, 1, 121, 7, 7, 13, 0),
(4, 112, 1, 94, 5, 5, 45, 0),
(4, 112, 1, 94, 6, 6, 45, 0),
(4, 112, 1, 94, 7, 7, 45, 0),
(4, 112, 13, 53, 4, 4, 45, 0),
(4, 113, 8, 86, 1, 1, 46, 0),
(4, 113, 44, 72, 2, 2, 27, 0),
(4, 113, 44, 72, 3, 3, 27, 0),
(4, 114, 1, 121, 1, 1, 41, 0),
(4, 114, 1, 121, 2, 2, 41, 0),
(4, 114, 1, 121, 3, 3, 41, 0),
(4, 114, 103, 14, 4, 4, 41, 0),
(4, 115, 1, 94, 1, 1, 4, 0),
(4, 115, 1, 94, 2, 2, 4, 0),
(4, 115, 1, 94, 3, 3, 4, 0),
(4, 118, 72, 85, 4, 4, 68, 0),
(4, 118, 72, 85, 6, 6, 68, 0),
(4, 118, 115, 86, 5, 5, 68, 0),
(4, 118, 115, 86, 7, 7, 68, 0),
(4, 119, 1, 7, 7, 7, 7, 0),
(4, 119, 72, 66, 5, 5, 7, 0),
(4, 119, 72, 66, 6, 6, 7, 0),
(4, 120, 84, 11, 3, 3, 64, 0),
(4, 120, 85, 84, 1, 1, 64, 0),
(4, 120, 165, 53, 2, 2, 64, 0),
(5, 4, 7, 80, 4, 4, 1, 0),
(5, 4, 111, 72, 5, 5, 27, 0),
(5, 4, 111, 72, 6, 6, 27, 0),
(5, 6, 4, 73, 1, 1, 11, 0),
(5, 6, 34, 79, 2, 2, 11, 0),
(5, 6, 36, 13, 3, 3, 58, 0),
(5, 7, 23, 57, 7, 7, 3, 0),
(5, 7, 29, 116, 5, 5, 41, 0),
(5, 7, 59, 57, 6, 6, 41, 0),
(5, 8, 44, 86, 6, 6, 62, 0),
(5, 8, 44, 86, 7, 7, 62, 0),
(5, 8, 171, 86, 5, 5, 62, 0),
(5, 9, 7, 80, 6, 6, 1, 0),
(5, 9, 21, 9, 5, 5, 33, 1),
(5, 9, 36, 28, 4, 4, 33, 0),
(5, 21, 34, 79, 3, 3, 12, 0),
(5, 21, 40, 75, 2, 2, 12, 0),
(5, 21, 65, 10, 1, 1, 8, 0),
(5, 22, 39, 47, 1, 1, 45, 0),
(5, 22, 63, 45, 2, 2, 45, 0),
(5, 22, 64, 50, 3, 3, 28, 0),
(5, 25, 37, 14, 2, 2, 31, 0),
(5, 25, 39, 50, 4, 4, 11, 0),
(5, 25, 63, 4, 3, 3, 11, 0),
(5, 26, 38, 83, 5, 5, 31, 0),
(5, 26, 39, 44, 4, 4, 31, 0),
(5, 26, 64, 50, 6, 6, 8, 0),
(5, 27, 36, 30, 4, 4, 46, 0),
(5, 27, 38, 83, 6, 6, 46, 0),
(5, 27, 39, 44, 5, 5, 46, 0),
(5, 28, 11, 66, 2, 2, 28, 0),
(5, 28, 34, 79, 1, 1, 28, 0),
(5, 28, 40, 75, 3, 3, 61, 0),
(5, 29, 36, 30, 2, 2, 46, 0),
(5, 29, 37, 26, 3, 3, 46, 0),
(5, 29, 65, 77, 1, 1, 46, 0),
(5, 30, 7, 3, 2, 2, 1, 1),
(5, 30, 64, 50, 1, 1, 3, 0),
(5, 30, 124, 28, 3, 3, 47, 0),
(5, 31, 36, 13, 2, 2, 33, 0),
(5, 31, 40, 83, 3, 3, 33, 1),
(5, 31, 124, 13, 1, 1, 33, 0),
(5, 32, 36, 13, 3, 3, 58, 0),
(5, 32, 40, 83, 1, 1, 12, 0),
(5, 32, 65, 77, 2, 2, 8, 0),
(5, 33, 36, 28, 6, 6, 59, 0),
(5, 33, 37, 26, 4, 4, 59, 0),
(5, 33, 64, 50, 5, 5, 59, 0),
(5, 34, 4, 11, 6, 6, 61, 0),
(5, 34, 21, 9, 4, 4, 61, 1),
(5, 34, 124, 28, 5, 5, 61, 0),
(5, 35, 37, 14, 1, 1, 61, 0),
(5, 35, 52, 27, 3, 3, 59, 0),
(5, 35, 53, 74, 2, 2, 61, 0),
(5, 39, 23, 116, 6, 6, 65, 0),
(5, 39, 39, 74, 4, 4, 68, 0),
(5, 39, 81, 84, 7, 7, 65, 0),
(5, 39, 82, 27, 5, 5, 65, 0),
(5, 40, 39, 74, 5, 5, 64, 0),
(5, 40, 81, 84, 4, 4, 64, 0),
(5, 40, 82, 27, 6, 6, 64, 0),
(5, 40, 84, 11, 7, 7, 64, 0),
(5, 41, 56, 75, 5, 5, 57, 0),
(5, 41, 81, 84, 6, 6, 57, 0),
(5, 41, 82, 27, 7, 7, 57, 0),
(5, 42, 23, 94, 4, 4, 65, 0),
(5, 42, 56, 75, 1, 1, 65, 0),
(5, 42, 81, 84, 3, 3, 65, 0),
(5, 42, 165, 53, 2, 2, 65, 0),
(5, 43, 7, 80, 2, 2, 1, 0),
(5, 43, 17, 59, 1, 1, 31, 0),
(5, 43, 18, 47, 4, 4, 45, 0),
(5, 43, 47, 8, 3, 3, 45, 0),
(5, 44, 8, 120, 2, 2, 13, 0),
(5, 44, 18, 47, 3, 3, 30, 0),
(5, 44, 47, 8, 4, 4, 30, 0),
(5, 44, 88, 48, 1, 1, 13, 0),
(5, 45, 18, 47, 2, 2, 30, 0),
(5, 45, 65, 77, 3, 3, 10, 0),
(5, 45, 68, 28, 1, 1, 30, 1),
(5, 46, 44, 34, 6, 6, 66, 0),
(5, 46, 57, 85, 5, 5, 66, 0),
(5, 46, 57, 85, 7, 7, 66, 1),
(5, 49, 72, 35, 5, 5, 27, 1),
(5, 49, 104, 35, 4, 4, 32, 0),
(5, 49, 169, 35, 6, 6, 32, 0),
(5, 49, 169, 35, 7, 7, 32, 0),
(5, 50, 101, 60, 3, 3, 63, 0),
(5, 50, 101, 60, 4, 4, 63, 0),
(5, 50, 101, 60, 5, 5, 63, 1),
(5, 52, 7, 3, 1, 1, 1, 0),
(5, 52, 23, 116, 2, 2, 3, 0),
(5, 52, 59, 121, 3, 3, 3, 0),
(5, 56, 44, 22, 7, 7, 41, 0),
(5, 56, 59, 121, 5, 5, 30, 0),
(5, 56, 59, 121, 6, 6, 30, 0),
(5, 59, 29, 46, 4, 4, 38, 0),
(5, 59, 29, 46, 5, 5, 38, 0),
(5, 59, 93, 61, 6, 6, 60, 0),
(5, 59, 95, 61, 7, 7, 60, 0),
(5, 79, 18, 47, 6, 6, 28, 0),
(5, 79, 18, 47, 7, 7, 28, 0),
(5, 79, 47, 8, 5, 5, 28, 0),
(5, 79, 163, 4, 4, 4, 28, 0),
(5, 80, 4, 73, 3, 3, 62, 0),
(5, 80, 23, 24, 2, 2, 62, 0),
(5, 80, 29, 23, 1, 1, 62, 0),
(5, 80, 47, 24, 4, 4, 62, 0),
(5, 81, 114, 122, 4, 4, 47, 0),
(5, 81, 128, 72, 1, 1, 27, 0),
(5, 81, 130, 72, 2, 2, 27, 0),
(5, 81, 130, 72, 3, 3, 27, 0),
(5, 83, 72, 72, 6, 6, 27, 1),
(5, 83, 72, 72, 7, 7, 27, 0),
(5, 83, 74, 81, 5, 5, 10, 0),
(5, 87, 93, 85, 2, 2, 66, 0),
(5, 87, 93, 85, 3, 3, 66, 0),
(5, 87, 95, 85, 1, 1, 66, 0),
(5, 87, 96, 34, 4, 4, 66, 0),
(5, 89, 1, 25, 1, 1, 57, 0),
(5, 89, 4, 73, 4, 4, 57, 0),
(5, 89, 23, 24, 3, 3, 57, 0),
(5, 89, 29, 23, 2, 2, 57, 0),
(5, 91, 72, 89, 1, 1, 2, 0),
(5, 91, 72, 89, 2, 2, 2, 0),
(5, 91, 72, 89, 3, 3, 2, 0),
(5, 93, 11, 66, 1, 1, 58, 0),
(5, 93, 38, 83, 2, 2, 32, 0),
(5, 93, 63, 45, 3, 3, 32, 0),
(5, 94, 11, 66, 1, 1, 58, 0),
(5, 94, 38, 83, 3, 3, 44, 0),
(5, 94, 39, 44, 2, 2, 44, 0),
(5, 95, 18, 47, 5, 5, 9, 0),
(5, 95, 65, 81, 4, 4, 10, 0),
(5, 95, 162, 4, 7, 7, 9, 0),
(5, 95, 163, 4, 6, 6, 9, 0),
(5, 96, 4, 32, 1, 1, 32, 0),
(5, 96, 64, 50, 2, 2, 58, 0),
(5, 96, 124, 30, 3, 3, 13, 0),
(5, 97, 39, 74, 1, 1, 44, 0),
(5, 97, 64, 50, 2, 2, 58, 0),
(5, 97, 65, 2, 3, 3, 8, 0),
(5, 98, 21, 26, 6, 6, 12, 1),
(5, 98, 23, 66, 4, 4, 12, 0),
(5, 98, 23, 66, 5, 5, 12, 0),
(5, 98, 80, 88, 7, 7, 12, 0),
(5, 99, 8, 86, 4, 4, 44, 0),
(5, 99, 21, 26, 5, 5, 44, 1),
(5, 99, 23, 66, 7, 7, 44, 0),
(5, 99, 29, 56, 6, 6, 44, 0),
(5, 102, 4, 76, 3, 3, 9, 0),
(5, 102, 36, 91, 2, 2, 9, 0),
(5, 102, 39, 44, 1, 1, 9, 0),
(5, 104, 59, 45, 1, 1, 60, 0),
(5, 104, 89, 4, 2, 2, 60, 0),
(5, 104, 98, 46, 3, 3, 60, 0),
(5, 106, 7, 80, 3, 3, 1, 0),
(5, 106, 33, 30, 6, 6, 33, 0),
(5, 106, 55, 84, 5, 5, 60, 0),
(5, 106, 65, 77, 4, 4, 8, 0),
(5, 107, 23, 118, 1, 1, 7, 0),
(5, 107, 23, 118, 4, 4, 7, 1),
(5, 107, 44, 35, 2, 2, 7, 0),
(5, 107, 66, 35, 3, 3, 7, 0),
(5, 108, 7, 3, 4, 4, 1, 0),
(5, 108, 29, 116, 7, 7, 61, 0),
(5, 108, 44, 22, 5, 5, 3, 0),
(5, 108, 44, 22, 6, 6, 3, 0),
(5, 109, 97, 90, 5, 5, 11, 0),
(5, 109, 97, 90, 6, 6, 11, 0),
(5, 109, 97, 90, 7, 7, 11, 0),
(5, 110, 29, 46, 6, 6, 38, 0),
(5, 110, 29, 46, 7, 7, 38, 0),
(5, 110, 93, 61, 5, 5, 47, 0),
(5, 111, 1, 121, 4, 4, 13, 0),
(5, 111, 1, 121, 7, 7, 13, 0),
(5, 111, 103, 14, 5, 5, 13, 0),
(5, 111, 103, 14, 6, 6, 13, 0),
(5, 112, 1, 94, 6, 6, 45, 0),
(5, 112, 13, 53, 5, 5, 45, 0),
(5, 112, 103, 14, 7, 7, 45, 0),
(5, 113, 7, 3, 3, 3, 1, 0),
(5, 113, 44, 72, 4, 4, 27, 0),
(5, 113, 59, 81, 1, 1, 10, 0),
(5, 113, 59, 81, 2, 2, 10, 0),
(5, 114, 1, 121, 1, 1, 41, 0),
(5, 114, 1, 121, 2, 2, 41, 0),
(5, 114, 13, 53, 3, 3, 41, 0),
(5, 114, 13, 53, 4, 4, 41, 0),
(5, 115, 1, 94, 1, 1, 4, 0),
(5, 115, 1, 94, 2, 2, 4, 0),
(5, 115, 1, 94, 3, 3, 4, 0),
(5, 115, 103, 14, 4, 4, 4, 0),
(5, 118, 66, 34, 5, 5, 68, 0),
(5, 118, 66, 34, 7, 7, 68, 0),
(5, 118, 72, 85, 6, 6, 68, 0),
(5, 119, 1, 7, 5, 5, 7, 0),
(5, 119, 2, 7, 7, 7, 7, 0),
(5, 119, 72, 66, 6, 6, 7, 0),
(5, 120, 23, 116, 3, 3, 64, 0),
(5, 120, 81, 84, 2, 2, 64, 0),
(5, 120, 165, 53, 1, 1, 64, 0),
(6, 6, 36, 13, 2, 2, 58, 0),
(6, 6, 37, 14, 1, 1, 58, 0),
(6, 6, 124, 13, 3, 3, 32, 0),
(6, 9, 21, 9, 2, 2, 30, 0),
(6, 9, 37, 26, 3, 3, 8, 1),
(6, 9, 124, 28, 1, 1, 30, 0),
(6, 21, 11, 66, 3, 3, 58, 0),
(6, 21, 21, 26, 4, 4, 58, 0),
(6, 21, 64, 50, 2, 2, 7, 0),
(6, 22, 4, 73, 2, 2, 60, 0),
(6, 22, 37, 14, 3, 3, 60, 0),
(6, 22, 38, 83, 1, 1, 60, 0),
(6, 25, 11, 66, 3, 3, 58, 0),
(6, 25, 21, 26, 4, 4, 58, 0),
(6, 25, 64, 50, 2, 2, 7, 0),
(6, 26, 7, 3, 1, 1, 45, 0),
(6, 26, 34, 79, 2, 2, 45, 0),
(6, 26, 65, 77, 3, 3, 10, 0),
(6, 27, 21, 26, 2, 2, 13, 0),
(6, 27, 34, 79, 3, 3, 13, 0),
(6, 27, 65, 77, 4, 4, 10, 0),
(6, 28, 39, 44, 1, 1, 28, 0),
(6, 28, 40, 75, 3, 3, 28, 0),
(6, 28, 65, 77, 2, 2, 10, 0),
(6, 29, 7, 3, 2, 2, 46, 0),
(6, 29, 39, 44, 3, 3, 46, 0),
(6, 29, 64, 50, 1, 1, 3, 0),
(6, 30, 37, 14, 2, 2, 9, 0),
(6, 30, 38, 83, 3, 3, 9, 0),
(6, 30, 53, 74, 1, 1, 9, 0),
(6, 31, 21, 9, 3, 3, 33, 0),
(6, 31, 36, 13, 1, 1, 33, 0),
(6, 31, 40, 83, 2, 2, 33, 0),
(6, 32, 4, 73, 3, 3, 12, 0),
(6, 32, 36, 13, 2, 2, 58, 0),
(6, 32, 37, 14, 1, 1, 58, 0),
(6, 33, 21, 9, 4, 4, 8, 1),
(6, 33, 53, 74, 3, 3, 3, 0),
(6, 33, 124, 28, 2, 2, 3, 0),
(6, 34, 7, 80, 3, 3, 30, 0),
(6, 34, 34, 79, 1, 1, 61, 0),
(6, 34, 53, 74, 2, 2, 8, 1),
(6, 35, 7, 80, 2, 2, 61, 0),
(6, 35, 21, 9, 1, 1, 8, 1),
(6, 35, 124, 28, 3, 3, 61, 0),
(6, 93, 4, 73, 1, 1, 32, 0),
(6, 93, 37, 26, 3, 3, 7, 0),
(6, 93, 39, 44, 2, 2, 32, 0),
(6, 94, 37, 26, 3, 3, 7, 0),
(6, 94, 40, 75, 2, 2, 44, 0),
(6, 94, 164, 115, 1, 1, 44, 0),
(6, 96, 21, 9, 1, 1, 7, 0),
(6, 96, 39, 50, 3, 3, 31, 0),
(6, 96, 114, 123, 2, 2, 31, 0),
(6, 97, 21, 9, 1, 1, 7, 0),
(6, 97, 39, 74, 2, 2, 11, 0),
(6, 97, 114, 123, 3, 3, 11, 0),
(6, 102, 7, 3, 3, 3, 47, 0),
(6, 102, 11, 66, 2, 2, 47, 0),
(6, 102, 65, 77, 1, 1, 10, 0);

-- --------------------------------------------------------

--
-- Структура таблицы `teachers`
--

CREATE TABLE `teachers` (
  `id` int(11) NOT NULL,
  `full_name` varchar(250) NOT NULL
) ENGINE=InnoDB DEFAULT CHARSET=utf8;

--
-- Дамп данных таблицы `teachers`
--

INSERT INTO `teachers` (`id`, `full_name`) VALUES
(2, 'Смольняков А. В.'),
(3, 'Саркисян А. А.'),
(4, 'Игнатов Д. С.'),
(6, 'Пустоветова С. А.'),
(7, 'Нуралиева И. Е.'),
(8, 'Дорошев С. И.'),
(9, 'Иванов А. Д.'),
(10, 'Дудник Н. Б.'),
(11, 'Шевченко О. А.'),
(13, 'Кубенская Т. Д.'),
(14, 'Никулина О. В.'),
(18, 'Косяченко А. Н.'),
(22, 'Бокий Е. В.'),
(23, 'Ефремова О. В.'),
(24, 'Кутовая Е. Д.'),
(25, 'Федусева Э. Ю.'),
(26, 'Скрыльников А. А.'),
(27, 'Жуйкова Л. И.'),
(28, 'Колесникова Н. В.'),
(30, 'Дмитрюк Л. П.'),
(32, 'Лаптева Е. Ю.'),
(33, 'Кирюхина О. Ю.'),
(34, 'Барановская Л. Б.'),
(35, 'Парамонова М.В.'),
(44, 'Амелаханова О. А.'),
(45, 'Губа Е. С.'),
(46, 'Болдырев С. В.'),
(47, 'Саруханов Р. Р.'),
(48, 'Нуралиев А. А.'),
(50, 'Бакуменко Н. В.'),
(53, 'Евсюкова Н. Ю.'),
(54, 'Мкртычян Л. В.'),
(56, 'Попова В. В.'),
(57, 'Пермякова Н. С.'),
(59, 'Конева И. В.'),
(60, 'Иванова А. И.'),
(61, 'Айрапетян Ю. В.'),
(63, 'Шевченко / Пустоветова'),
(66, 'Яненко Н. Н.'),
(72, 'Мартыненко В. А.'),
(73, 'Епископосян М. В.'),
(74, 'Чаплыгина О. В.'),
(75, 'Язев И. В.'),
(76, 'Скрыльников Д. К.'),
(77, 'Макаркова Н. А.'),
(79, 'Бакуменко В. А.'),
(80, 'Левшина Т. А.'),
(81, 'Косяченко Н. П.'),
(82, 'Бакуменко В. А.'),
(83, 'Цветкова В. П.'),
(84, 'Кочкалда Ю. И.'),
(85, 'Исмаилова О. С.'),
(86, 'Скорик А. С.'),
(88, 'Шутова Н. И.'),
(89, 'Азнаева С. Л.'),
(90, 'Дьяченко Н. В.'),
(91, 'Назаров С. С.'),
(94, 'Антипина Е. Н.'),
(115, 'Пустоветова С. А. Язев И. В.'),
(116, 'Князева И. Л.'),
(117, 'Стрельцова А. Ф.'),
(118, 'Бадерко Т.А.'),
(119, 'Лаптева Е. Ю. Саркисян А. А.'),
(120, 'Подолина И. В.'),
(121, 'Кочкалда И.Ю.'),
(122, 'Лаптева Е.Ю. Бакуменко В.А.'),
(123, 'ЛаптеваЕ.Ю. ПустоветоваС.А.'),
(124, 'Макарян Н.Ю.'),
(125, '---');

-- --------------------------------------------------------

--
-- Структура таблицы `time`
--

CREATE TABLE `time` (
  `id` int(11) NOT NULL,
  `range` varchar(45) NOT NULL
) ENGINE=InnoDB DEFAULT CHARSET=utf8;

--
-- Дамп данных таблицы `time`
--

INSERT INTO `time` (`id`, `range`) VALUES
(1, '08:00-09:10'),
(2, '09:20-10:30'),
(3, '11:00-12:00'),
(4, '12:10-13:20'),
(5, '13:30-14:40'),
(6, '15:00-16:10'),
(7, '16:15-17:25');

-- --------------------------------------------------------

--
-- Структура таблицы `week_days`
--

CREATE TABLE `week_days` (
  `id` int(11) NOT NULL,
  `day_name` varchar(45) NOT NULL
) ENGINE=InnoDB DEFAULT CHARSET=utf8;

--
-- Дамп данных таблицы `week_days`
--

INSERT INTO `week_days` (`id`, `day_name`) VALUES
(2, 'Вторник'),
(1, 'Понедельник'),
(5, 'Пятница'),
(3, 'Среда'),
(6, 'Суббота'),
(4, 'Четверг');

--
-- Индексы сохранённых таблиц
--

--
-- Индексы таблицы `classes`
--
ALTER TABLE `classes`
  ADD PRIMARY KEY (`id`),
  ADD UNIQUE KEY `id_UNIQUE` (`id`),
  ADD UNIQUE KEY `class_name_UNIQUE` (`class_name`);

--
-- Индексы таблицы `classrooms`
--
ALTER TABLE `classrooms`
  ADD PRIMARY KEY (`id`),
  ADD UNIQUE KEY `id_UNIQUE` (`id`),
  ADD UNIQUE KEY `number_UNIQUE` (`classroom`);

--
-- Индексы таблицы `groups`
--
ALTER TABLE `groups`
  ADD PRIMARY KEY (`id`),
  ADD UNIQUE KEY `id_UNIQUE` (`id`),
  ADD UNIQUE KEY `group_name_UNIQUE` (`group_name`);

--
-- Индексы таблицы `group_class`
--
ALTER TABLE `group_class`
  ADD PRIMARY KEY (`group_id`,`class_id`),
  ADD KEY `class_id_idx` (`class_id`);

--
-- Индексы таблицы `schedule`
--
ALTER TABLE `schedule`
  ADD PRIMARY KEY (`week_day_id`,`group_id`,`class_id`,`teacher_id`,`number`,`time_id`,`classroom_id`),
  ADD KEY `group_id_idx` (`group_id`),
  ADD KEY `class_id_idx` (`class_id`),
  ADD KEY `teacher_Id_idx` (`teacher_id`),
  ADD KEY `time_id_idx` (`time_id`),
  ADD KEY `classroom_id_idx` (`classroom_id`);

--
-- Индексы таблицы `teachers`
--
ALTER TABLE `teachers`
  ADD PRIMARY KEY (`id`),
  ADD UNIQUE KEY `id_UNIQUE` (`id`);

--
-- Индексы таблицы `time`
--
ALTER TABLE `time`
  ADD PRIMARY KEY (`id`),
  ADD UNIQUE KEY `id_UNIQUE` (`id`),
  ADD UNIQUE KEY `time_UNIQUE` (`range`);

--
-- Индексы таблицы `week_days`
--
ALTER TABLE `week_days`
  ADD PRIMARY KEY (`id`),
  ADD UNIQUE KEY `id_UNIQUE` (`id`),
  ADD UNIQUE KEY `day_name_UNIQUE` (`day_name`);

--
-- AUTO_INCREMENT для сохранённых таблиц
--

--
-- AUTO_INCREMENT для таблицы `classes`
--
ALTER TABLE `classes`
  MODIFY `id` int(11) NOT NULL AUTO_INCREMENT, AUTO_INCREMENT=174;
--
-- AUTO_INCREMENT для таблицы `classrooms`
--
ALTER TABLE `classrooms`
  MODIFY `id` int(11) NOT NULL AUTO_INCREMENT, AUTO_INCREMENT=70;
--
-- AUTO_INCREMENT для таблицы `groups`
--
ALTER TABLE `groups`
  MODIFY `id` int(11) NOT NULL AUTO_INCREMENT, AUTO_INCREMENT=122;
--
-- AUTO_INCREMENT для таблицы `teachers`
--
ALTER TABLE `teachers`
  MODIFY `id` int(11) NOT NULL AUTO_INCREMENT, AUTO_INCREMENT=126;
--
-- AUTO_INCREMENT для таблицы `time`
--
ALTER TABLE `time`
  MODIFY `id` int(11) NOT NULL AUTO_INCREMENT, AUTO_INCREMENT=8;
--
-- AUTO_INCREMENT для таблицы `week_days`
--
ALTER TABLE `week_days`
  MODIFY `id` int(11) NOT NULL AUTO_INCREMENT, AUTO_INCREMENT=7;
--
-- Ограничения внешнего ключа сохраненных таблиц
--

--
-- Ограничения внешнего ключа таблицы `group_class`
--
ALTER TABLE `group_class`
  ADD CONSTRAINT `fk_class_id` FOREIGN KEY (`class_id`) REFERENCES `classes` (`id`) ON DELETE CASCADE,
  ADD CONSTRAINT `fk_group_id` FOREIGN KEY (`group_id`) REFERENCES `groups` (`id`) ON DELETE CASCADE;

--
-- Ограничения внешнего ключа таблицы `schedule`
--
ALTER TABLE `schedule`
  ADD CONSTRAINT `class_id` FOREIGN KEY (`class_id`) REFERENCES `classes` (`id`) ON DELETE CASCADE ON UPDATE NO ACTION,
  ADD CONSTRAINT `classroom_id` FOREIGN KEY (`classroom_id`) REFERENCES `classrooms` (`id`) ON DELETE CASCADE ON UPDATE NO ACTION,
  ADD CONSTRAINT `group_id` FOREIGN KEY (`group_id`) REFERENCES `groups` (`id`) ON DELETE CASCADE ON UPDATE NO ACTION,
  ADD CONSTRAINT `teacher_Id` FOREIGN KEY (`teacher_id`) REFERENCES `teachers` (`id`) ON DELETE CASCADE ON UPDATE NO ACTION,
  ADD CONSTRAINT `time_id` FOREIGN KEY (`time_id`) REFERENCES `time` (`id`) ON DELETE CASCADE ON UPDATE NO ACTION,
  ADD CONSTRAINT `week_day_id` FOREIGN KEY (`week_day_id`) REFERENCES `week_days` (`id`) ON DELETE CASCADE ON UPDATE NO ACTION;

/*!40101 SET CHARACTER_SET_CLIENT=@OLD_CHARACTER_SET_CLIENT */;
/*!40101 SET CHARACTER_SET_RESULTS=@OLD_CHARACTER_SET_RESULTS */;
/*!40101 SET COLLATION_CONNECTION=@OLD_COLLATION_CONNECTION */;
